level,n,pearson_r,pearson_p,spearman_r,spearman_p,directional_agreement
sentence,22238,0.488490935492541,0.0,0.48339435472169195,0.0,0.28865005845849445
document,92,0.6288755657271903,1.9117853589686608e-11,0.6106014310474523,1.0290815610352641e-10,0.6630434782608695
cluster,3598,0.4607579640668755,1.3151065734767062e-188,0.4811086650141667,7.312138224192937e-208,0.43913285158421345
