seed,n_topics,outlier_share,cv_coherence
1,55,0.3466588722007375,0.6737470396107488
7,56,0.32403993164852957,0.6675127534693323
42,54,0.33735048115837757,0.6634886643356028
123,39,0.18990017087867614,0.7312845487815448
2026,54,0.3433762028959439,0.651033945302244
